Numerical f1,Numerical f2,Selected Individuals
double,double,boolean
-6.4518147,-6.4518147,TRUE
-6.4518147,-6.4518147,FALSE
-6.4518147,-6.4518147,TRUE
-6.4518147,-6.4518147,FALSE
-6.4518147,-6.4518147,FALSE
-6.4518147,-6.4518147,TRUE
-6.4518147,-6.4518147,FALSE
-6.4518147,-6.4518147,FALSE
-6.4518147,-6.4518147,TRUE
-6.4518147,-6.4518147,FALSE
